Workbook

Sheet Summary
A1: POS Transaction Flow (ISO8583-style) — QA Manual Test Case Tracker
A2: Manual QA test suite for POS / payments transaction lifecycle validation using the same multi-tab execution-tracker structure as the printer firmware portfolio.
A4: Workbook Controls
A5: Default Status | B5: Not Run
A6: Default Priority | B6: High
A7: Portfolio Owner | B7: Ramon Tan Jr.
A8: Primary Domain | B8: Payments QA / POS / ISO8583-style Transaction Flow
A10: Module Coverage
A11: Module | B11: Sheet Name | C11: Total Cases | D11: High Priority | E11: Negative Cases | F11: Automation Candidates
A12: Authorization Processing | B12: 10_Authorization_Processing | C12: =COUNTA('10_Authorization_Processing'!$A$4:$A$200) -> 6 | D12: =COUNTIF('10_Authorization_Processing'!$H$4:$H$200,"Critical")+COUNTIF('10_Authorization_Processing'!$H$4:$H$200,"High") -> 6 | E12: =COUNTIF('10_Authorization_Processing'!$I$4:$I$200,"Negative") -> 3 | F12: =COUNTIF('10_Authorization_Processing'!$J$4:$J$200,"Yes")+COUNTIF('10_Authorization_Processing'!$J$4:$J$200,"Later") -> 6
A13: Reversal and Void Handling | B13: 20_Reversal_Void | C13: =COUNTA('20_Reversal_Void'!$A$4:$A$200) -> 6 | D13: =COUNTIF('20_Reversal_Void'!$H$4:$H$200,"Critical")+COUNTIF('20_Reversal_Void'!$H$4:$H$200,"High") -> 6 | E13: =COUNTIF('20_Reversal_Void'!$I$4:$I$200,"Negative") -> 3 | F13: =COUNTIF('20_Reversal_Void'!$J$4:$J$200,"Yes")+COUNTIF('20_Reversal_Void'!$J$4:$J$200,"Later") -> 6
A14: Settlement and Reconciliation | B14: 30_Settlement_Reconciliation | C14: =COUNTA('30_Settlement_Reconciliation'!$A$4:$A$200) -> 6 | D14: =COUNTIF('30_Settlement_Reconciliation'!$H$4:$H$200,"Critical")+COUNTIF('30_Settlement_Reconciliation'!$H$4:$H$200,"High") -> 6 | E14: =COUNTIF('30_Settlement_Reconciliation'!$I$4:$I$200,"Negative") -> 2 | F14: =COUNTIF('30_Settlement_Reconciliation'!$J$4:$J$200,"Yes")+COUNTIF('30_Settlement_Reconciliation'!$J$4:$J$200,"Later") -> 6
A15: POS Terminal and Entry Modes | B15: 40_POS_Terminal_Entry_Modes | C15: =COUNTA('40_POS_Terminal_Entry_Modes'!$A$4:$A$200) -> 6 | D15: =COUNTIF('40_POS_Terminal_Entry_Modes'!$H$4:$H$200,"Critical")+COUNTIF('40_POS_Terminal_Entry_Modes'!$H$4:$H$200,"High") -> 4 | E15: =COUNTIF('40_POS_Terminal_Entry_Modes'!$I$4:$I$200,"Negative") -> 2 | F15: =COUNTIF('40_POS_Terminal_Entry_Modes'!$J$4:$J$200,"Yes")+COUNTIF('40_POS_Terminal_Entry_Modes'!$J$4:$J$200,"Later") -> 4
A16: Switch Routing and Middleware | B16: 50_Switch_Routing_Middleware | C16: =COUNTA('50_Switch_Routing_Middleware'!$A$4:$A$200) -> 6 | D16: =COUNTIF('50_Switch_Routing_Middleware'!$H$4:$H$200,"Critical")+COUNTIF('50_Switch_Routing_Middleware'!$H$4:$H$200,"High") -> 6 | E16: =COUNTIF('50_Switch_Routing_Middleware'!$I$4:$I$200,"Negative") -> 2 | F16: =COUNTIF('50_Switch_Routing_Middleware'!$J$4:$J$200,"Yes")+COUNTIF('50_Switch_Routing_Middleware'!$J$4:$J$200,"Later") -> 6
A17: Issuer and Host Response Handling | B17: 60_Issuer_Host_Response | C17: =COUNTA('60_Issuer_Host_Response'!$A$4:$A$200) -> 6 | D17: =COUNTIF('60_Issuer_Host_Response'!$H$4:$H$200,"Critical")+COUNTIF('60_Issuer_Host_Response'!$H$4:$H$200,"High") -> 6 | E17: =COUNTIF('60_Issuer_Host_Response'!$I$4:$I$200,"Negative") -> 4 | F17: =COUNTIF('60_Issuer_Host_Response'!$J$4:$J$200,"Yes")+COUNTIF('60_Issuer_Host_Response'!$J$4:$J$200,"Later") -> 6
A18: Refunds and Adjustments | B18: 70_Refunds_Adjustments | C18: =COUNTA('70_Refunds_Adjustments'!$A$4:$A$200) -> 5 | D18: =COUNTIF('70_Refunds_Adjustments'!$H$4:$H$200,"Critical")+COUNTIF('70_Refunds_Adjustments'!$H$4:$H$200,"High") -> 4 | E18: =COUNTIF('70_Refunds_Adjustments'!$I$4:$I$200,"Negative") -> 3 | F18: =COUNTIF('70_Refunds_Adjustments'!$J$4:$J$200,"Yes")+COUNTIF('70_Refunds_Adjustments'!$J$4:$J$200,"Later") -> 5
A19: Security and Compliance | B19: 80_Security_Compliance | C19: =COUNTA('80_Security_Compliance'!$A$4:$A$200) -> 5 | D19: =COUNTIF('80_Security_Compliance'!$H$4:$H$200,"Critical")+COUNTIF('80_Security_Compliance'!$H$4:$H$200,"High") -> 5 | E19: =COUNTIF('80_Security_Compliance'!$I$4:$I$200,"Negative") -> 0 | F19: =COUNTIF('80_Security_Compliance'!$J$4:$J$200,"Yes")+COUNTIF('80_Security_Compliance'!$J$4:$J$200,"Later") -> 3
A20: Monitoring and Audit Trail | B20: 90_Monitoring_Audit_Trail | C20: =COUNTA('90_Monitoring_Audit_Trail'!$A$4:$A$200) -> 5 | D20: =COUNTIF('90_Monitoring_Audit_Trail'!$H$4:$H$200,"Critical")+COUNTIF('90_Monitoring_Audit_Trail'!$H$4:$H$200,"High") -> 3 | E20: =COUNTIF('90_Monitoring_Audit_Trail'!$I$4:$I$200,"Negative") -> 2 | F20: =COUNTIF('90_Monitoring_Audit_Trail'!$J$4:$J$200,"Yes")+COUNTIF('90_Monitoring_Audit_Trail'!$J$4:$J$200,"Later") -> 4
A21: Performance and Reliability | B21: 100_Performance_Reliability | C21: =COUNTA('100_Performance_Reliability'!$A$4:$A$200) -> 5 | D21: =COUNTIF('100_Performance_Reliability'!$H$4:$H$200,"Critical")+COUNTIF('100_Performance_Reliability'!$H$4:$H$200,"High") -> 5 | E21: =COUNTIF('100_Performance_Reliability'!$I$4:$I$200,"Negative") -> 0 | F21: =COUNTIF('100_Performance_Reliability'!$J$4:$J$200,"Yes")+COUNTIF('100_Performance_Reliability'!$J$4:$J$200,"Later") -> 4
A22: End-to-End | B22: 110_E2E | C22: =COUNTA('110_E2E'!$A$4:$A$200) -> 4 | D22: =COUNTIF('110_E2E'!$H$4:$H$200,"Critical")+COUNTIF('110_E2E'!$H$4:$H$200,"High") -> 4 | E22: =COUNTIF('110_E2E'!$I$4:$I$200,"Negative") -> 0 | F22: =COUNTIF('110_E2E'!$J$4:$J$200,"Yes")+COUNTIF('110_E2E'!$J$4:$J$200,"Later") -> 4
A23: Total | C23: =SUM(C12:C22) -> 60 | D23: =SUM(D12:D22) -> 55 | E23: =SUM(E12:E22) -> 21 | F23: =SUM(F12:F22) -> 54
A26: Execution Status
A27: Status | B27: Count | D27: Metric | E27: Value
A28: Not Run | B28: =COUNTIF('10_Authorization_Processing'!$K$4:$K$200,"Not Run")+COUNTIF('20_Reversal_Void'!$K$4:$K$200,"Not Run")+COUNTIF('30_Settlement_Reconciliation'!$K$4:$K$200,"Not Run")+COUNTIF('40_POS_Terminal_Entry_Modes'!$K$4:$K$200,"Not Run")+COUNTIF('50_Switch_Routing_Middleware'!$K$4:$K$200,"Not Run")+COUNTIF('60_Issuer_Host_Response'!$K$4:$K$200,"Not Run")+COUNTIF('70_Refunds_Adjustments'!$K$4:$K$200,"Not Run")+COUNTIF('80_Security_Compliance'!$K$4:$K$200,"Not Run")+COUNTIF('90_Monitoring_Audit_Trail'!$K$4:$K$200,"Not Run")+COUNTIF('100_Performance_Reliability'!$K$4:$K$200,"Not Run")+COUNTIF('110_E2E'!$K$4:$K$200,"Not Run") -> 60 | D28: Total Test Cases | E28: =C23 -> 60
A29: Pass | B29: =COUNTIF('10_Authorization_Processing'!$K$4:$K$200,"Pass")+COUNTIF('20_Reversal_Void'!$K$4:$K$200,"Pass")+COUNTIF('30_Settlement_Reconciliation'!$K$4:$K$200,"Pass")+COUNTIF('40_POS_Terminal_Entry_Modes'!$K$4:$K$200,"Pass")+COUNTIF('50_Switch_Routing_Middleware'!$K$4:$K$200,"Pass")+COUNTIF('60_Issuer_Host_Response'!$K$4:$K$200,"Pass")+COUNTIF('70_Refunds_Adjustments'!$K$4:$K$200,"Pass")+COUNTIF('80_Security_Compliance'!$K$4:$K$200,"Pass")+COUNTIF('90_Monitoring_Audit_Trail'!$K$4:$K$200,"Pass")+COUNTIF('100_Performance_Reliability'!$K$4:$K$200,"Pass")+COUNTIF('110_E2E'!$K$4:$K$200,"Pass") -> 0 | D29: Executed Cases | E29: =SUM(B29:B31) -> 0
A30: Fail | B30: =COUNTIF('10_Authorization_Processing'!$K$4:$K$200,"Fail")+COUNTIF('20_Reversal_Void'!$K$4:$K$200,"Fail")+COUNTIF('30_Settlement_Reconciliation'!$K$4:$K$200,"Fail")+COUNTIF('40_POS_Terminal_Entry_Modes'!$K$4:$K$200,"Fail")+COUNTIF('50_Switch_Routing_Middleware'!$K$4:$K$200,"Fail")+COUNTIF('60_Issuer_Host_Response'!$K$4:$K$200,"Fail")+COUNTIF('70_Refunds_Adjustments'!$K$4:$K$200,"Fail")+COUNTIF('80_Security_Compliance'!$K$4:$K$200,"Fail")+COUNTIF('90_Monitoring_Audit_Trail'!$K$4:$K$200,"Fail")+COUNTIF('100_Performance_Reliability'!$K$4:$K$200,"Fail")+COUNTIF('110_E2E'!$K$4:$K$200,"Fail") -> 0 | D30: Execution % | E30: =IF(E28=0,0,E29/E28) -> 0
A31: Blocked | B31: =COUNTIF('10_Authorization_Processing'!$K$4:$K$200,"Blocked")+COUNTIF('20_Reversal_Void'!$K$4:$K$200,"Blocked")+COUNTIF('30_Settlement_Reconciliation'!$K$4:$K$200,"Blocked")+COUNTIF('40_POS_Terminal_Entry_Modes'!$K$4:$K$200,"Blocked")+COUNTIF('50_Switch_Routing_Middleware'!$K$4:$K$200,"Blocked")+COUNTIF('60_Issuer_Host_Response'!$K$4:$K$200,"Blocked")+COUNTIF('70_Refunds_Adjustments'!$K$4:$K$200,"Blocked")+COUNTIF('80_Security_Compliance'!$K$4:$K$200,"Blocked")+COUNTIF('90_Monitoring_Audit_Trail'!$K$4:$K$200,"Blocked")+COUNTIF('100_Performance_Reliability'!$K$4:$K$200,"Blocked")+COUNTIF('110_E2E'!$K$4:$K$200,"Blocked") -> 0 | D31: Pass Rate | E31: =IF(E29=0,0,B29/E29) -> 0
D32: Fail Rate | E32: =IF(E29=0,0,B30/E29) -> 0

Sheet README
A1: POS Transaction Flow (ISO8583-style) — QA Manual Test Pack
A3: Purpose | B3: Provide reusable sample manual test cases for POS payment transaction lifecycle validation, including authorization, declines, reversals, settlement, reconciliation, monitoring, security, performance, and end-to-end flows.
A4: How to use | B4: Open each module sheet and update Status and Notes during execution. Summary KPIs and module counts refresh automatically.
A5: Important note | B5: These are sample QA scenarios for portfolio use and should be tailored to your target terminal fleet, switch behavior, acquiring/issuer rules, settlement process, security requirements, and release criteria.
A6: Default status | B6: Not Run
A7: Default priority | B7: High
A8: Primary domain | B8: Payments QA / POS / ISO8583-style Transaction Flow
A9: Suggested stack | B9: Postman + SQL + Playwright/Cypress + log tracing + payment simulators / switch tools
A11: Reference | B11: URL | C11: Notes
A12: ISO 8583 overview | B12: https://en.wikipedia.org/wiki/ISO_8583 | C12: Message structure, MTI, fields, response codes, and POS context
A13: EMV specifications overview | B13: https://www.emvco.com/what-are-emv-specifications/ | C13: Chip/contactless payments background and specification context
A14: PCI DSS | B14: https://www.pcisecuritystandards.org/standards/pci-dss/ | C14: Payment data security controls and expectations
A15: OWASP API Security | B15: https://owasp.org/API-Security/ | C15: API security risk reference for transaction services
A16: Postman test scripts | B16: https://learning.postman.com/docs/tests-and-scripts/write-scripts/test-scripts/ | C16: API response assertions and workflow scripting reference

Sheet 10_Authorization_Processing
A1: POS Transaction Flow — Authorization Processing
A2: Update the Status and Notes columns during execution. Summary KPIs and counts refresh automatically.
A3: TC_ID | B3: Module | C3: Scenario | D3: Preconditions | E3: Steps | F3: Test Data | G3: Expected Result | H3: Priority | I3: Type | J3: Automation Candidate | K3: Status | L3: Notes
A4: AUTH-001 | B4: Authorization Processing | C4: Approved chip purchase authorization returns success response | D4: POS terminal is active, switch is reachable, issuer host is online, and valid chip card test profile is available. | E4: 1. Initiate purchase on POS terminal 2. Enter valid amount 3. Insert chip card and confirm transaction 4. Capture outbound request at switch 5. Verify host response and terminal result | F4: MTI 0100; Card 541333******1111; Amount 1500; STAN 123456; Entry Mode 051; Terminal TERM0001; Merchant MERCH001 | G4: Transaction is accepted, response code is 00, approval data is returned, transaction status becomes APPROVED, and record is eligible for settlement. | H4: Critical | I4: Integration | J4: Yes | K4: Not Run | L4: Baseline approval path
A5: AUTH-002 | B5: Authorization Processing | C5: Issuer decline is propagated correctly without creating settlement-eligible record | D5: Decline test profile is configured at issuer or simulator. | E5: 1. Initiate purchase 2. Submit authorization with decline profile 3. Review terminal display, switch log, and stored transaction record | F5: MTI 0100; Card 541333******2222; Amount 5000; STAN 123457; Response Code 05 expected | G5: Terminal shows decline result, response code is preserved, no approval artefact is stored, and transaction is excluded from settlement. | H5: Critical | I5: Negative | J5: Yes | K5: Not Run | L5: Issuer decline handling
A6: AUTH-003 | B6: Authorization Processing | C6: Invalid amount format fails validation before approval request is processed | D6: Field validation is enabled in switch or middleware. | E6: 1. Build authorization request with malformed amount field 2. Submit request 3. Review validation response and transaction log | F6: Amount ABC1500 or invalid field length; MTI 0100; STAN 123458 | G6: Request is rejected or flagged, no approved transaction is created, and validation error is logged for investigation. | H6: High | I6: Field Validation | J6: Yes | K6: Not Run | L6: Amount validation
A7: AUTH-004 | B7: Authorization Processing | C7: Expired card scenario returns controlled decline with accurate transaction state | D7: Expired card test profile is available in host simulator. | E7: 1. Start purchase 2. Use expired card profile 3. Submit request 4. Compare terminal message, response code, and back-end record | F7: Card 541333******3333; Amount 2200; STAN 123459 | G7: Transaction is declined due to card status, terminal does not show approval, and no downstream settlement eligibility is created. | H7: High | I7: Negative | J7: Yes | K7: Not Run | L7: Card validity rule
A8: AUTH-005 | B8: Authorization Processing | C8: Duplicate STAN submission does not create double financial posting | D8: Original transaction with same STAN already exists and duplicate controls are enabled. | E8: 1. Submit initial approved transaction 2. Resend same request with same STAN and amount 3. Compare transaction store and settlement eligibility | F8: STAN 123460; Amount 1500; Terminal TERM0001; Merchant MERCH001 | G8: Duplicate is detected and second request is rejected, linked, or routed to review without creating duplicate posting. | H8: Critical | I8: Negative | J8: Yes | K8: Not Run | L8: Duplicate protection
A9: AUTH-006 | B9: Authorization Processing | C9: Terminal retry after temporary communication issue preserves a single final financial outcome | D9: Transient network delay can be simulated between terminal and switch. | E9: 1. Start purchase 2. Simulate communication interruption after request submission 3. Retry transaction from terminal 4. Review message correlation and final financial state | F9: Amount 1800; STAN 123461; Terminal TERM0002 | G9: System preserves one final valid outcome, avoids duplicate approval, and retains clear traceability for original and retry attempts. | H9: Critical | I9: Regression | J9: Later | K9: Not Run | L9: Retry control

Sheet 20_Reversal_Void
A1: POS Transaction Flow — Reversal and Void Handling
A2: Update the Status and Notes columns during execution. Summary KPIs and counts refresh automatically.
A3: TC_ID | B3: Module | C3: Scenario | D3: Preconditions | E3: Steps | F3: Test Data | G3: Expected Result | H3: Priority | I3: Type | J3: Automation Candidate | K3: Status | L3: Notes
A4: REV-001 | B4: Reversal and Void Handling | C4: Auto-reversal is triggered after authorization timeout | D4: Timeout behavior is enabled and original transaction can be held in unknown result state. | E4: 1. Submit purchase authorization 2. Simulate delayed or missing host response 3. Wait for timeout handling 4. Verify reversal request and final transaction state | F4: Original STAN 223456; Reversal MTI 0400; Terminal TERM0003 | G4: System generates reversal referencing the original transaction, records reversal outcome, and prevents unresolved transaction from being treated as approved. | H4: Critical | I4: Negative | J4: Yes | K4: Not Run | L4: Timeout recovery
A5: REV-002 | B5: Reversal and Void Handling | C5: Manual void of same-day approved transaction updates status safely before settlement | D5: Approved transaction exists and business rules allow same-day void. | E5: 1. Retrieve approved transaction 2. Trigger manual void or reversal action 3. Validate reversal response and updated transaction status 4. Review settlement eligibility | F5: Original Transaction TXN0004; STAN 223457; Amount 1000 | G5: Original transaction is voided or reversed per rules, status is updated consistently, and item is excluded from settlement totals. | H5: Critical | I5: Integration | J5: Yes | K5: Not Run | L5: Manual void path
A6: REV-003 | B6: Reversal and Void Handling | C6: Reversal request referencing unknown original transaction is rejected | D6: No matching original transaction exists in data store. | E6: 1. Submit reversal request for non-existent original reference 2. Review switch validation, host response, and audit log | F6: Original STAN 999999; Terminal TERM0009 | G6: Reversal is rejected or routed to exception handling, unrelated transactions are not altered, and audit evidence is retained. | H6: High | I6: Negative | J6: Yes | K6: Not Run | L6: Invalid reference
A7: REV-004 | B7: Reversal and Void Handling | C7: Duplicate reversal request is handled idempotently | D7: One successful reversal already exists for the original transaction. | E7: 1. Process valid reversal 2. Resubmit same reversal request 3. Compare final transaction state and downstream records | F7: Original STAN 223458; Reversal Reference reused | G7: System identifies duplicate reversal, preserves correct final state, and avoids duplicate downstream reversal effects. | H7: High | I7: Regression | J7: Yes | K7: Not Run | L7: Idempotency
A8: REV-005 | B8: Reversal and Void Handling | C8: Reversed transaction remains excluded from settlement batch | D8: Approved transaction has been reversed before batch cutoff. | E8: 1. Create approved transaction 2. Reverse it before settlement 3. Execute settlement 4. Review settlement extract and totals | F8: Transaction TXN0005; STAN 223459; Batch Date T+0 | G8: Reversed transaction is not included in settlement output and settlement total remains aligned with approved unreversed source records. | H8: Critical | I8: Reconciliation | J8: Yes | K8: Not Run | L8: Settlement exclusion
A9: REV-006 | B9: Reversal and Void Handling | C9: Communication loss during reversal preserves safe exception status and audit trail | D9: Reversal can be interrupted between switch and host. | E9: 1. Trigger reversal for approved transaction 2. Interrupt response path 3. Review transaction state, monitoring, and manual follow-up needs | F9: Original STAN 223460; Terminal TERM0002 | G9: System does not mark reversal complete without confirmation, exposes exception state for review, and stores audit details for recovery. | H9: High | I9: Negative | J9: Later | K9: Not Run | L9: Operational resilience

Sheet 30_Settlement_Reconciliation
A1: POS Transaction Flow — Settlement and Reconciliation
A2: Update the Status and Notes columns during execution. Summary KPIs and counts refresh automatically.
A3: TC_ID | B3: Module | C3: Scenario | D3: Preconditions | E3: Steps | F3: Test Data | G3: Expected Result | H3: Priority | I3: Type | J3: Automation Candidate | K3: Status | L3: Notes
A4: SET-001 | B4: Settlement and Reconciliation | C4: Approved unreversed transactions are included in settlement batch | D4: Settlement process is available and approved unreversed transactions exist. | E4: 1. Run settlement batch 2. Extract settlement output 3. Compare batch contents against source approved transactions | F4: Approved Transactions TXN1001 and TXN1004; Batch Date 2026-03-27 | G4: Approved unreversed transactions are present in settlement output and counts and amounts align with source records. | H4: Critical | I4: Integration | J4: Yes | K4: Not Run | L4: Core inclusion rule
A5: SET-002 | B5: Settlement and Reconciliation | C5: Declined transactions are excluded from settlement batch | D5: At least one declined transaction exists in transaction source. | E5: 1. Execute settlement batch 2. Search batch output for declined item 3. Review batch totals | F5: Declined Transaction TXN1002; Response Code 05 | G5: Declined transaction is absent from settlement output and does not affect any financial totals. | H5: Critical | I5: Negative | J5: Yes | K5: Not Run | L5: Decline exclusion
A6: SET-003 | B6: Settlement and Reconciliation | C6: Reversed transactions are excluded from settlement totals | D6: Reversed transaction exists before batch execution. | E6: 1. Execute settlement batch 2. Compare source transactions and batch output 3. Verify total calculation | F6: Reversed Transaction TXN1005; Amount 1000 | G6: Reversed transaction is excluded from settlement batch and corresponding value is not counted in total. | H6: Critical | I6: Regression | J6: Yes | K6: Not Run | L6: Reversal settlement rule
A7: SET-004 | B7: Settlement and Reconciliation | C7: Settlement totals match approved unreversed source transactions | D7: Source transactions and settlement extract are both available for reconciliation. | E7: 1. Sum approved unreversed amounts in source data 2. Sum batch amounts 3. Compare record count and value totals 4. Review discrepancy report if any | F7: Source Total vs Settled Total | G7: Record counts and amounts match between source and settlement, with no unexplained variance. | H7: Critical | I7: Reconciliation | J7: Yes | K7: Not Run | L7: Primary reconciliation KPI
A8: SET-005 | B8: Settlement and Reconciliation | C8: Missing approved transaction is detected during reconciliation | D8: One approved transaction is intentionally omitted from settlement output for defect simulation. | E8: 1. Prepare mismatch dataset 2. Run reconciliation check 3. Review discrepancy results | F8: Missing Approved Transaction TXN1006; Amount 2400 | G8: Reconciliation detects missing approved item and reports discrepancy clearly for investigation and sign-off. | H8: High | I8: Negative | J8: Yes | K8: Not Run | L8: Gap detection
A9: SET-006 | B9: Settlement and Reconciliation | C9: Duplicate settlement line item is identified before financial sign-off | D9: Settlement extract contains duplicated transaction line for same business key. | E9: 1. Load settlement extract with duplicate line 2. Run duplicate detection check 3. Review exception report | F9: Transaction TXN1007 duplicated; STAN 323461 | G9: Duplicate settlement line is identified, flagged, and prevented from being accepted as a valid final batch result. | H9: High | I9: Data Integrity | J9: Yes | K9: Not Run | L9: Duplicate settlement control

Sheet 40_POS_Terminal_Entry_Modes
A1: POS Transaction Flow — POS Terminal and Entry Modes
A2: Update the Status and Notes columns during execution. Summary KPIs and counts refresh automatically.
A3: TC_ID | B3: Module | C3: Scenario | D3: Preconditions | E3: Steps | F3: Test Data | G3: Expected Result | H3: Priority | I3: Type | J3: Automation Candidate | K3: Status | L3: Notes
A4: POS-001 | B4: POS Terminal and Entry Modes | C4: Chip entry transaction captures expected POS entry mode and terminal attributes | D4: Terminal supports chip transactions and logging of message fields is enabled. | E4: 1. Insert chip card 2. Start purchase 3. Submit transaction 4. Inspect outbound request fields | F4: Entry Mode 051 expected; Terminal TERM0001; Merchant MERCH001 | G4: Authorization request contains expected entry mode, terminal ID, and merchant ID values aligned with actual capture method. | H4: High | I4: Field Validation | J4: Later | K4: Not Run | L4: Chip path
A5: POS-002 | B5: POS Terminal and Entry Modes | C5: Fallback from chip to swipe is logged and flagged according to terminal rules | D5: Chip read failure or fallback simulation is available. | E5: 1. Start chip transaction 2. Force chip read failure 3. Complete transaction via magnetic stripe fallback 4. Review message fields and audit trail | F5: Fallback scenario; STAN 423457 | G5: Transaction reflects fallback entry behavior correctly and audit trail indicates fallback condition for review or analytics. | H5: High | I5: Negative | J5: Later | K5: Not Run | L5: Fallback handling
A6: POS-003 | B6: POS Terminal and Entry Modes | C6: Manual keyed entry requires additional validation and remains traceable | D6: Manual entry mode is enabled for test merchant profile. | E6: 1. Start keyed transaction 2. Enter PAN manually using test profile 3. Submit request 4. Review field set and outcome | F6: Entry Mode Manual; Amount 1300; STAN 423458 | G6: Keyed transaction contains appropriate entry mode, additional validation is applied, and result is stored with clear traceability. | H6: Medium | I6: Integration | J6: Later | K6: Not Run | L6: Manual entry path
A7: POS-004 | B7: POS Terminal and Entry Modes | C7: Contactless tap transaction is processed with correct amount and response handling | D7: Terminal supports contactless and test card profile is available. | E7: 1. Initiate purchase 2. Tap card 3. Submit transaction 4. Review terminal output and message logs | F7: Contactless test card; Amount 950; STAN 423459 | G7: Transaction completes with correct amount, expected entry mode, and response consistency across terminal and back-end logs. | H7: High | I7: Integration | J7: Later | K7: Not Run | L7: Tap flow
A8: POS-005 | B8: POS Terminal and Entry Modes | C8: Terminal offline condition does not falsely display approved outcome | D8: Terminal can be isolated from switch or host during authorization. | E8: 1. Disconnect terminal from network path 2. Attempt purchase 3. Review terminal outcome and stored transaction state | F8: Amount 1100; Terminal TERM0004 offline | G8: System does not present false approval, and transaction remains safely failed, queued, or exceptioned according to design. | H8: Critical | I8: Negative | J8: No | K8: Not Run | L8: Offline safety
A9: POS-006 | B9: POS Terminal and Entry Modes | C9: Receipt and transaction log show consistent amount, status, and identifiers | D9: Printer/receipt output and transaction logs are both available for comparison. | E9: 1. Run purchase transaction 2. Capture receipt 3. Compare receipt to stored transaction record | F9: Transaction with approval or decline; STAN 423460 | G9: Receipt, terminal display, and stored record agree on amount, outcome, and core identifiers without contradiction. | H9: Medium | I9: Data Integrity | J9: No | K9: Not Run | L9: Customer-facing consistency

Sheet 50_Switch_Routing_Middleware
A1: POS Transaction Flow — Switch Routing and Middleware
A2: Update the Status and Notes columns during execution. Summary KPIs and counts refresh automatically.
A3: TC_ID | B3: Module | C3: Scenario | D3: Preconditions | E3: Steps | F3: Test Data | G3: Expected Result | H3: Priority | I3: Type | J3: Automation Candidate | K3: Status | L3: Notes
A4: SWT-001 | B4: Switch Routing and Middleware | C4: Required core fields are validated before request is routed to host | D4: Field validation is active in switch layer. | E4: 1. Build standard purchase request 2. Submit through switch 3. Inspect validation logs and routed message | F4: MTI, amount, STAN, terminal ID, merchant ID, processing code | G4: Switch validates required fields before forwarding and rejects malformed request without unsafe routing. | H4: Critical | I4: Field Validation | J4: Yes | K4: Not Run | L4: Field gate
A5: SWT-002 | B5: Switch Routing and Middleware | C5: Transaction is routed to correct downstream host based on merchant and terminal profile | D5: Routing table contains at least two target host profiles for test. | E5: 1. Submit transactions for two merchant profiles 2. Capture routing decision 3. Compare actual route to expected configuration | F5: Merchant MERCH001 vs MERCH010; Terminal TERM0001 vs TERM0010 | G5: Each request is routed to the expected host or simulator based on configured profile without cross-routing. | H5: High | I5: Integration | J5: Later | K5: Not Run | L5: Routing logic
A6: SWT-003 | B6: Switch Routing and Middleware | C6: Unknown terminal or merchant profile is rejected prior to host forwarding | D6: Switch profile validation is enabled and unsupported identifiers are available. | E6: 1. Submit authorization with unsupported terminal or merchant 2. Review validation and downstream traffic | F6: Terminal TERM9999; Merchant MERCH999 | G6: Unsupported request is rejected or quarantined and is not forwarded to host as a valid authorization attempt. | H6: Critical | I6: Negative | J6: Yes | K6: Not Run | L6: Profile validation
A7: SWT-004 | B7: Switch Routing and Middleware | C7: Late host response is correlated back to the correct original transaction | D7: Response delay can be introduced after switch forwards request. | E7: 1. Submit authorization 2. Delay host response 3. Observe terminal timeout or retry 4. Deliver late response 5. Review correlation outcome | F7: Original STAN 523458; Delayed response with same identifiers | G7: Late response is matched to the correct original transaction or handled safely according to timeout policy without corrupting another record. | H7: Critical | I7: Negative | J7: Yes | K7: Not Run | L7: Late response correlation
A8: SWT-005 | B8: Switch Routing and Middleware | C8: Retry control prevents duplicate forwarding of same business transaction | D8: Retry logic exists between terminal and middleware. | E8: 1. Submit transaction 2. Trigger retry from upstream 3. Inspect host forwarding count and final records | F8: Same amount, STAN, terminal, merchant replay | G8: Switch or middleware prevents unsafe duplicate forwarding and preserves one valid financial outcome or explicit review case. | H8: Critical | I8: Regression | J8: Yes | K8: Not Run | L8: Forwarding dedupe
A9: SWT-006 | B9: Switch Routing and Middleware | C9: Middleware trace identifiers remain consistent across request, response, and monitoring | D9: Tracing or correlation IDs are enabled in logs. | E9: 1. Submit transaction 2. Capture request log 3. Capture response log and monitoring event 4. Compare trace identifiers | F9: Trace ID / Correlation ID sample; STAN 523460 | G9: Trace identifiers remain consistent and allow operators to follow one transaction across all relevant system components. | H9: High | I9: Data Integrity | J9: Later | K9: Not Run | L9: Traceability

Sheet 60_Issuer_Host_Response
A1: POS Transaction Flow — Issuer and Host Response Handling
A2: Update the Status and Notes columns during execution. Summary KPIs and counts refresh automatically.
A3: TC_ID | B3: Module | C3: Scenario | D3: Preconditions | E3: Steps | F3: Test Data | G3: Expected Result | H3: Priority | I3: Type | J3: Automation Candidate | K3: Status | L3: Notes
A4: HST-001 | B4: Issuer and Host Response Handling | C4: Approved host response is propagated unchanged to terminal and transaction store | D4: Host simulator can return approval with standard response fields. | E4: 1. Submit purchase authorization 2. Capture host approval 3. Compare terminal display and stored record | F4: Response Code 00; Approval A12345; STAN 623456 | G4: Terminal and transaction store reflect same approved result, response code, and core identifiers without alteration. | H4: Critical | I4: Integration | J4: Yes | K4: Not Run | L4: Approval propagation
A5: HST-002 | B5: Issuer and Host Response Handling | C5: Decline code and user-facing result remain consistent across layers | D5: Host simulator can return decline code for controlled scenario. | E5: 1. Submit authorization 2. Capture decline response 3. Compare terminal display, logs, and stored result | F5: Response Code 05 or 51; STAN 623457 | G5: Decline code remains accurate across layers and UI does not imply approval or settlement eligibility. | H5: Critical | I5: Negative | J5: Yes | K5: Not Run | L5: Decline consistency
A6: HST-003 | B6: Issuer and Host Response Handling | C6: Response with mismatched STAN is rejected or routed to exception handling | D6: Switch can receive malformed or mismatched response from host simulator. | E6: 1. Submit valid request 2. Return response with wrong STAN 3. Review correlation and exception handling | F6: Request STAN 623458; Response STAN 999998 | G6: Mismatched response is not applied to original request and is surfaced for investigation through exception flow. | H6: High | I6: Negative | J6: Yes | K6: Not Run | L6: Correlation safety
A7: HST-004 | B7: Issuer and Host Response Handling | C7: Host unavailable condition returns actionable terminal error without false approval | D7: Host outage or network unavailability can be simulated. | E7: 1. Disconnect host or block downstream path 2. Attempt purchase 3. Review terminal message and transaction state | F7: Host unavailable; STAN 623459 | G7: System avoids false approval, exposes actionable retry or failure result, and preserves safe transaction state for operators. | H7: Critical | I7: Negative | J7: Yes | K7: Not Run | L7: Outage handling
A8: HST-005 | B8: Issuer and Host Response Handling | C8: Reversal response is linked to original transaction and reversal request correctly | D8: Original approved transaction and reversal flow are both available. | E8: 1. Process approval 2. Send reversal 3. Capture reversal response 4. Review linkage across original and reversal records | F8: Original STAN 623460; Reversal Response 0410 | G8: Reversal response is linked to the correct original transaction and reversal request with no cross-linking to unrelated records. | H8: High | I8: Integration | J8: Later | K8: Not Run | L8: Reversal linkage
A9: HST-006 | B9: Issuer and Host Response Handling | C9: Unexpected or unsupported host response code is handled safely and visibly | D9: Host simulator can return unexpected response code for negative testing. | E9: 1. Submit authorization 2. Return unsupported response code 3. Review terminal behavior, logging, and exception handling | F9: Unsupported Response Code 96 or custom private-use code | G9: System does not treat unexpected response as approval, logs exception details, and routes case for operator review or safe decline behavior. | H9: High | I9: Negative | J9: Yes | K9: Not Run | L9: Unknown code handling

Sheet 70_Refunds_Adjustments
A1: POS Transaction Flow — Refunds and Adjustments
A2: Update the Status and Notes columns during execution. Summary KPIs and counts refresh automatically.
A3: TC_ID | B3: Module | C3: Scenario | D3: Preconditions | E3: Steps | F3: Test Data | G3: Expected Result | H3: Priority | I3: Type | J3: Automation Candidate | K3: Status | L3: Notes
A4: RFD-001 | B4: Refunds and Adjustments | C4: Refund for settled original transaction succeeds and remains traceable | D4: Original settled transaction exists and refund operation is permitted by merchant profile. | E4: 1. Locate settled original transaction 2. Initiate refund 3. Review refund response and linked records 4. Confirm reporting visibility | F4: Original TXN2001; Refund Amount 700; Terminal TERM0001 | G4: Refund is processed successfully, linked to original transaction, and recorded distinctly for settlement and audit purposes. | H4: High | I4: Integration | J4: Later | K4: Not Run | L4: Basic refund
A5: RFD-002 | B5: Refunds and Adjustments | C5: Refund amount exceeding original transaction amount is blocked | D5: Original transaction amount is known and refund validation is enabled. | E5: 1. Initiate refund using amount greater than original purchase 2. Submit request 3. Review response and stored outcome | F5: Original Amount 1200; Refund Attempt 1500 | G5: Refund request is rejected according to business rule and no invalid financial adjustment is created. | H5: Critical | I5: Negative | J5: Yes | K5: Not Run | L5: Amount limit
A6: RFD-003 | B6: Refunds and Adjustments | C6: Refund for declined or non-existent original transaction is rejected | D6: Original declined record or missing record is available for test. | E6: 1. Attempt refund against declined or unknown original reference 2. Review validation and downstream records | F6: Original TXN2002 declined or reference not found | G6: System rejects invalid refund target and preserves clean financial state and audit trail. | H6: High | I6: Negative | J6: Yes | K6: Not Run | L6: Invalid refund target
A7: RFD-004 | B7: Refunds and Adjustments | C7: Refund appears in downstream reporting and reconciliation as separate transaction type | D7: Refund has been processed successfully and reconciliation views are available. | E7: 1. Process successful refund 2. Run downstream reporting or settlement extract 3. Verify refund classification and linkage | F7: Refund Transaction RFD2004; Original TXN2001 | G7: Refund is visible as its own transaction type, linked to the original purchase, and included in reconciliation logic according to design. | H7: Medium | I7: Reconciliation | J7: Later | K7: Not Run | L7: Reporting visibility
A8: RFD-005 | B8: Refunds and Adjustments | C8: Duplicate refund request does not create double customer credit | D8: One successful refund already exists for the original transaction. | E8: 1. Process refund successfully 2. Replay same refund request 3. Compare financial and audit records | F8: Original TXN2003; Refund Reference reused | G8: System prevents duplicate refund effect and preserves one valid financial adjustment with traceable history. | H8: Critical | I8: Negative | J8: Yes | K8: Not Run | L8: Duplicate refund control

Sheet 80_Security_Compliance
A1: POS Transaction Flow — Security and Compliance
A2: Update the Status and Notes columns during execution. Summary KPIs and counts refresh automatically.
A3: TC_ID | B3: Module | C3: Scenario | D3: Preconditions | E3: Steps | F3: Test Data | G3: Expected Result | H3: Priority | I3: Type | J3: Automation Candidate | K3: Status | L3: Notes
A4: SEC-001 | B4: Security and Compliance | C4: PAN and other sensitive fields are masked in logs and evidence exports | D4: Application logs, reports, or screenshots are available for review. | E4: 1. Execute payment transaction 2. Open system logs or exported evidence 3. Inspect sensitive fields | F4: PAN, token, or card-related fields in logs | G4: Sensitive values are masked or redacted according to security expectations and no full PAN is exposed in routine QA evidence. | H4: Critical | I4: Security | J4: No | K4: Not Run | L4: Data masking
A5: SEC-002 | B5: Security and Compliance | C5: Unauthorized user cannot access privileged transaction investigation screen | D5: Role-based access controls are configured with standard and privileged user accounts. | E5: 1. Log in as non-privileged user 2. Attempt to open privileged transaction detail screen 3. Review response and audit log | F5: Standard user account; Protected route or page | G5: Access is denied appropriately and attempt is captured in audit or security logging if expected by design. | H5: High | I5: Security | J5: Later | K5: Not Run | L5: Access control
A6: SEC-003 | B6: Security and Compliance | C6: Manual reversal or refund action is fully captured in audit trail | D6: Audit trail is enabled for user-initiated financial actions. | E6: 1. Perform manual reversal or refund 2. Review audit trail entry 3. Validate actor, timestamp, and before/after state | F6: User ID, timestamp, transaction reference | G6: Audit trail captures who performed the action, when it occurred, and which transaction was affected with clear traceability. | H6: High | I6: Security | J6: Later | K6: Not Run | L6: Audit completeness
A7: SEC-004 | B7: Security and Compliance | C7: Exported QA evidence excludes unnecessary cardholder data and secrets | D7: Test evidence export or reporting feature is available. | E7: 1. Generate QA evidence export or report 2. Inspect file contents for sensitive data 3. Compare against expected masking policy | F7: CSV, PDF, or screenshot pack generated from test run | G7: Export excludes unnecessary cardholder data, session secrets, and protected authentication details while retaining useful QA evidence. | H7: High | I7: Security | J7: No | K7: Not Run | L7: Evidence hygiene
A8: SEC-005 | B8: Security and Compliance | C8: Invalid API token or session for transaction endpoint is rejected cleanly | D8: API or backend simulation endpoint is available for transaction calls. | E8: 1. Submit transaction-related request with invalid token or expired session 2. Review response and logs | F8: Invalid Bearer token; Transaction API request | G8: System rejects unauthorized request, does not process transaction, and records security-relevant failure details appropriately. | H8: Critical | I8: Security | J8: Yes | K8: Not Run | L8: API auth control

Sheet 90_Monitoring_Audit_Trail
A1: POS Transaction Flow — Monitoring and Audit Trail
A2: Update the Status and Notes columns during execution. Summary KPIs and counts refresh automatically.
A3: TC_ID | B3: Module | C3: Scenario | D3: Preconditions | E3: Steps | F3: Test Data | G3: Expected Result | H3: Priority | I3: Type | J3: Automation Candidate | K3: Status | L3: Notes
A4: MON-001 | B4: Monitoring and Audit Trail | C4: Status view reports approved, declined, and exception states consistently | D4: Transaction status dashboard or monitoring screen is available. | E4: 1. Run one approved, one declined, and one exception scenario 2. Review status dashboard or log query | F4: Approved STAN 923451; Declined 923452; Exception 923453 | G4: Monitoring surface reflects true lifecycle state for each transaction without stale or contradictory values. | H4: High | I4: Integration | J4: Later | K4: Not Run | L4: State accuracy
A5: MON-002 | B5: Monitoring and Audit Trail | C5: Transaction history stores lifecycle events with stable identifiers | D5: History or event log screen is enabled for QA environment. | E5: 1. Execute transaction with follow-on event such as reversal 2. Open history view 3. Verify identifiers and event order | F5: STAN 923454; Terminal TERM0003 | G5: History shows original and follow-on events with stable IDs, timestamps, and clear ordering for investigation. | H5: High | I5: Data Integrity | J5: Later | K5: Not Run | L5: Lifecycle trace
A6: MON-003 | B6: Monitoring and Audit Trail | C6: Settlement mismatch generates visible alert or reconciliation exception | D6: Monitoring or reconciliation alerting is configured in environment or simulation. | E6: 1. Introduce approved-vs-settlement mismatch 2. Run reconciliation 3. Observe monitoring or alerting output | F6: Missing TXN3003 in settlement extract | G6: Mismatch is surfaced through exception report, alert, or operational dashboard rather than remaining silent. | H6: High | I6: Negative | J6: Later | K6: Not Run | L6: Alert coverage
A7: MON-004 | B7: Monitoring and Audit Trail | C7: Repeated reversal failures are visible for operational follow-up | D7: Reversal failure simulation is available and monitoring captures repeated exceptions. | E7: 1. Trigger multiple reversal failures 2. Open monitoring view or log aggregation 3. Review grouping and counts | F7: Three failed reversals for same merchant profile | G7: Operational monitoring makes repeated failures visible so support teams can investigate systemic issue promptly. | H7: Medium | I7: Negative | J7: No | K7: Not Run | L7: Supportability
A8: MON-005 | B8: Monitoring and Audit Trail | C8: Search by STAN, terminal, and merchant returns correct transaction record | D8: Search or support lookup tool is enabled. | E8: 1. Execute known transaction 2. Search by STAN 3. Search by terminal 4. Search by merchant 5. Compare results | F8: STAN 923455; Terminal TERM0001; Merchant MERCH001 | G8: Search results consistently return the correct transaction record and do not confuse similar transactions. | H8: Medium | I8: Regression | J8: Yes | K8: Not Run | L8: Support lookup

Sheet 100_Performance_Reliability
A1: POS Transaction Flow — Performance and Reliability
A2: Update the Status and Notes columns during execution. Summary KPIs and counts refresh automatically.
A3: TC_ID | B3: Module | C3: Scenario | D3: Preconditions | E3: Steps | F3: Test Data | G3: Expected Result | H3: Priority | I3: Type | J3: Automation Candidate | K3: Status | L3: Notes
A4: PRF-001 | B4: Performance and Reliability | C4: Sustained authorization run completes without crash or unstable state | D4: Environment can support repeated transaction execution for soak run. | E4: 1. Execute repeated authorization transactions for agreed duration 2. Monitor errors, latency, and system stability 3. Review final health | F4: 100 sequential purchase requests or 30-minute run | G4: System remains stable during sustained authorization activity and no severe crash, reset, or data corruption occurs. | H4: Critical | I4: Performance | J4: Later | K4: Not Run | L4: Soak run
A5: PRF-002 | B5: Performance and Reliability | C5: Settlement batch of representative volume completes within target window | D5: Batch job can be executed with realistic sample volume. | E5: 1. Prepare representative batch dataset 2. Execute settlement job 3. Measure completion time and verify output | F5: 1,000+ transaction sample batch | G5: Settlement completes within expected operational window and output remains accurate under representative load. | H5: High | I5: Performance | J5: Later | K5: Not Run | L5: Batch throughput
A6: PRF-003 | B6: Performance and Reliability | C6: Repeated timeout and retry cycles do not corrupt transaction state | D6: Timeout and retry simulation is available for multiple iterations. | E6: 1. Execute repeated timeout scenarios 2. Trigger retries according to design 3. Review final state distribution and logs | F6: 10 repeated timeout/retry iterations | G6: No hidden approved duplicates or corrupted statuses appear after repeated timeout and retry behavior. | H6: Critical | I6: Regression | J6: Later | K6: Not Run | L6: State durability
A7: PRF-004 | B7: Performance and Reliability | C7: Concurrent terminal activity preserves unique identifiers and consistent totals | D7: Multiple terminal sessions can submit transactions in parallel. | E7: 1. Run transactions concurrently from multiple terminals 2. Capture identifiers and final records 3. Compare totals and uniqueness | F7: TERM0001 to TERM0005 parallel run | G7: STANs and correlation fields remain unique as designed and final totals remain consistent under concurrent activity. | H7: High | I7: Performance | J7: Later | K7: Not Run | L7: Concurrency
A8: PRF-005 | B8: Performance and Reliability | C8: Service restart or recovery preserves pending and completed transaction integrity | D8: Controlled service restart can be executed during test window. | E8: 1. Start transactions around restart window 2. Restart middleware or service 3. Review pending, approved, and settled states after recovery | F8: In-flight and completed transactions around restart event | G8: System recovers without losing committed outcomes or corrupting pending transaction traceability and exception handling. | H8: Critical | I8: Regression | J8: No | K8: Not Run | L8: Recovery behavior

Sheet 110_E2E
A1: POS Transaction Flow — End-to-End
A2: Update the Status and Notes columns during execution. Summary KPIs and counts refresh automatically.
A3: TC_ID | B3: Module | C3: Scenario | D3: Preconditions | E3: Steps | F3: Test Data | G3: Expected Result | H3: Priority | I3: Type | J3: Automation Candidate | K3: Status | L3: Notes
A4: E2E-001 | B4: End-to-End | C4: Approved purchase flows correctly from terminal to settlement and reconciliation | D4: Terminal, switch, host, settlement, and reconciliation flow are all enabled in test environment. | E4: 1. Initiate approved purchase on terminal 2. Verify host approval 3. Execute settlement batch 4. Run reconciliation 5. Compare full lifecycle records | F4: Card 541333******1111; Amount 1500; STAN 112345 | G4: Transaction is approved, stored correctly, included in settlement, and reconciles end-to-end with no mismatches. | H4: Critical | I4: E2E | J4: Yes | K4: Not Run | L4: Primary business flow
A5: E2E-002 | B5: End-to-End | C5: Declined transaction is excluded from settlement and approved totals across all layers | D5: Decline host profile is available and downstream reporting is enabled. | E5: 1. Initiate decline transaction 2. Review source record 3. Run settlement and reconciliation 4. Compare all downstream outputs | F5: Card 541333******2222; Amount 5000; STAN 112346 | G5: Declined result is preserved consistently and excluded from settlement batch and approved-total reconciliation logic. | H5: Critical | I5: E2E | J5: Yes | K5: Not Run | L5: Decline lifecycle
A6: E2E-003 | B6: End-to-End | C6: Timeout followed by reversal prevents incorrect settlement posting | D6: Timeout and reversal simulation is enabled across terminal and switch. | E6: 1. Submit purchase 2. Force timeout condition 3. Trigger reversal 4. Run settlement 5. Validate monitoring and reconciliation | F6: Original STAN 112347; Reversal 0400/0410 | G6: Timed-out transaction is reversed correctly, appears in exception or reversal history as expected, and does not post incorrectly to settlement. | H6: Critical | I6: E2E | J6: Yes | K6: Not Run | L6: Recovery lifecycle
A7: E2E-004 | B7: End-to-End | C7: Approved purchase followed by refund is reflected accurately in reporting and audit trail | D7: Approved purchase and refund capabilities are both available. | E7: 1. Execute approved purchase 2. Perform refund against original 3. Review reporting, reconciliation, and audit trail | F7: Original TXN4001; Refund TXN4002 | G7: Purchase and refund remain linked, reporting reflects net effect appropriately, and audit trail captures both actions end-to-end. | H7: High | I7: E2E | J7: Later | K7: Not Run | L7: Lifecycle completeness

Sheet Lists
A1: Priority | B1: Type | C1: Automation | D1: Status
A2: Critical | B2: Positive | C2: Yes | D2: Not Run
A3: High | B3: Negative | C3: Later | D3: Pass
A4: Medium | B4: Integration | C4: No | D4: Fail
A5: Low | B5: Regression | D5: Blocked
B6: Reconciliation
B7: Field Validation
B8: Data Integrity
B9: Security
B10: Performance
B11: E2E
